X,y
0.0,0.4967141530112327
0.10101010101010101,0.11391758985007505
0.20202020202020202,1.1499963521561645
0.30303030303030304,2.271372616818459
0.40404040404040403,0.7541400515935256
0.5050505050505051,0.9860915764519412
0.6060606060606061,3.021511332355626
0.7070707070707071,2.4201891096996753
0.8080808080808081,1.3804911410643728
0.9090909090909091,2.574996423819934
1.0101010101010102,1.7354039394440095
1.1111111111111112,1.882210204045211
1.2121212121212122,2.7207483278352096
1.3131313131313131,0.6772606573264581
1.4141414141414141,0.9576622592778419
1.5151515151515151,2.192192682135564
1.6161616161616161,1.793192031193098
1.7171717171717171,3.1514456642098128
1.8181818181818181,1.9401787319343455
1.9191919191919191,1.4271355611209302
2.0202020202020203,4.277160671428475
2.121212121212121,2.539443995998875
2.2222222222222223,2.7690794298451333
2.323232323232323,1.1969204353555978
2.4242424242424243,1.9825189809615802
2.525252525252525,2.529654022549275
2.6262626262626263,1.147781820886857
2.727272727272727,2.5444693633210287
2.8282828282828283,1.4299207592027627
2.929292929292929,1.5943698110075735
3.0303030303030303,1.1355649791703777
3.131313131313131,3.4384934326465726
3.2323232323232323,1.4214520973568667
3.3333333333333335,0.22781981195979562
3.4343434343434343,1.9625425118340414
3.5353535353535355,-0.22049526590647917
3.6363636363636362,1.0773851915420947
3.7373737373737375,-1.2132941288233103
3.8383838383838382,-0.6925144049452869
3.9393939393939394,0.7349132071077129
4.040404040404041,1.1934935948890264
4.141414141414141,0.5593263101753009
4.242424242424242,0.22239532415360008
4.343434343434343,0.005203765064215771
4.444444444444445,-1.1849340020027614
4.545454545454545,-0.41931448464929544
4.646464646464646,-0.13306200368588966
4.747474747474747,1.432090484731418
4.848484848484849,0.7863542277995315
4.94949494949495,-1.2323363305329258
5.05050505050505,0.9625739777553208
5.151515151515151,0.3804282634409857
5.252525252525253,0.23406340398056413
5.353535353535354,1.6856227212706054
5.454545454545454,2.2842467331308516
5.555555555555555,2.378854866936331
5.656565656565657,0.8162453413657195
5.757575757575758,1.5660947641488416
5.858585858585858,2.436644699034767
5.959595959595959,3.3193997812991016
6.0606060606060606,2.1096368433476136
6.161616161616162,2.6526092630699303
6.262626262626262,1.9838629647325825
6.363636363636363,2.1463401570780745
6.4646464646464645,4.405782919437252
6.565656565656566,5.196527948754221
6.666666666666667,4.00962567289544
6.767676767676767,5.318888095781711
6.8686868686868685,4.90121440088388
6.96969696969697,4.107414627141172
7.070707070707071,5.313962736260386
7.171717171717171,6.676188848891716
7.2727272727272725,5.272086741358202
7.373737373737374,7.025276546740851
7.474747474747475,2.9755254917464957
7.575757575757575,6.532870720307659
7.6767676767676765,5.894108222389656
7.777777777777778,5.5840773203107705
7.878787878787879,6.0305393977016655
7.979797979797979,3.986521193162742
8.080808080808081,5.7695021315176005
8.181818181818182,6.341504023587546
8.282828282828282,7.438200073004582
8.383838383838384,5.399407932409112
8.484848484848484,5.04896364781018
8.585858585858587,5.279015065858445
8.686868686868687,6.604321468260947
8.787878787878787,5.912101331648073
8.88888888888889,4.935895597625972
8.98989898989899,5.850818209240065
9.09090909090909,5.297933512429585
9.191919191919192,6.026124737142588
9.292929292929292,4.20734552987321
9.393939393939394,4.430974908494211
9.494949494949495,4.215138673541296
9.595959595959595,2.993771185191486
9.696969696969697,4.606918873728656
9.797979797979798,4.430847703858011
9.8989898989899,4.041333430869863
10.0,3.6773706448461136
